{"Weight0":1.4476288557052612e0,"Weight1":1.3953955173492432e0,"Weight2":-5.880012512207031e-1}