{"Weight0":8.066078424453735e-1,"Weight1":1.052027940750122e0,"Weight2":-1.6962814331054688e-1}