{"Weight0":5.226362943649292e-1,"Weight1":1.1067683696746826e0,"Weight2":-3.135903477668762e-1}