{"Weight0":1.358018398284912e0,"Weight1":9.624093174934387e-1,"Weight2":-6.992326974868774e-1}