{"Weight0":8.618600964546204e-1,"Weight1":3.455883860588074e-1,"Weight2":-1.160728931427002e-2}