{"Weight0":9.716043472290039e-1,"Weight1":4.2012932896614075e-1,"Weight2":-2.526533603668213e-1}